{"id":2,"title":"Mesmerize","artist":"Tobu","bpm":128,"preview":3891578,"notes":[4.36801623,4.91347078,5.45892532,6.00437987,7.09528896],"types":[1,1,3,2,4],"noteCount":5,"enemies":3,"pits":1,"songPath":"Tobu - Mesmerize"}
